"Area Name-Legal/Statistical Area Description","Qualifying Name","Area (Land)","Area (Water)","Summary Level","Geographic Component","Region","Division","FIPS","Metropolitan Statistical Area/Consolidated Metropolitan Statistical Area","Total Population 2000"
"Abilene, TX MSA","Abilene, TX MSA","2371459979","9391045","380","00",,,"0040","0040",126555
"Aguadilla, PR MSA","Aguadilla, PR MSA","305113105","138808893","380","00",,,"0060","0060",146424
"Albany, GA MSA","Albany, GA MSA","1775097456","29211693","380","00",,,"0120","0120",120822
"Albany--Schenectady--Troy, NY MSA","Albany--Schenectady--Troy, NY MSA","8345443765","172031486","380","00",,,"0160","0160",875583
"Albuquerque, NM MSA","Albuquerque, NM MSA","15392298114","21190272","380","00",,,"0200","0200",712738
"Alexandria, LA MSA","Alexandria, LA MSA","3425365854","102099480","380","00",,,"0220","0220",126337
"Allentown--Bethlehem--Easton, PA MSA","Allentown--Bethlehem--Easton, PA MSA","2852862211","29630685","380","00",,,"0240","0240",637958
"Altoona, PA MSA","Altoona, PA MSA","1361821674","3396553","380","00",,,"0280","0280",129144
"Amarillo, TX MSA","Amarillo, TX MSA","4723296989","53677556","380","00",,,"0320","0320",217858
"Anchorage, AK MSA","Anchorage, AK MSA","4395766279","683445939","380","00",,,"0380","0380",260283
"Anniston, AL MSA","Anniston, AL MSA","1575907564","9996496","380","00",,,"0450","0450",112249
"Appleton--Oshkosh--Neenah, WI MSA","Appleton--Oshkosh--Neenah, WI MSA","3622781701","573321519","380","00",,,"0460","0460",358365
"Asheville, NC MSA","Asheville, NC MSA","2862997578","15482216","380","00",,,"0480","0480",225965
"Athens, GA MSA","Athens, GA MSA","1529065946","6792329","380","00",,,"0500","0500",153444
"Atlanta, GA MSA","Atlanta, GA MSA","15860565980","217913585","380","00",,,"0520","0520",4112198
"Auburn--Opelika, AL MSA","Auburn--Opelika, AL MSA","1576552257","17723094","380","00",,,"0580","0580",115092
"Augusta--Aiken, GA--SC MSA","Augusta--Aiken, GA--SC MSA","6341276818","106549706","380","00",,,"0600","0600",477441
"Austin--San Marcos, TX MSA","Austin--San Marcos, TX MSA","10940160876","144830019","380","00",,,"0640","0640",1249763
"Bakersfield, CA MSA","Bakersfield, CA MSA","21085000353","52980904","380","00",,,"0680","0680",661645
"Bangor, ME MSA","Bangor, ME MSA","1029075969","77990372","380","00",,,"0730","0730",90864
"Barnstable--Yarmouth, MA MSA","Barnstable--Yarmouth, MA MSA","672911867","180860217","380","00",,,"0740","0740",162582
"Baton Rouge, LA MSA","Baton Rouge, LA MSA","4108192699","242700424","380","00",,,"0760","0760",602894
"Beaumont--Port Arthur, TX MSA","Beaumont--Port Arthur, TX MSA","5579564524","605763400","380","00",,,"0840","0840",385090
"Bellingham, WA MSA","Bellingham, WA MSA","5489566267","994607077","380","00",,,"0860","0860",166814
"Benton Harbor, MI MSA","Benton Harbor, MI MSA","1478882557","2616885082","380","00",,,"0870","0870",162453
"Billings, MT MSA","Billings, MT MSA","6825018002","35996187","380","00",,,"0880","0880",129352
"Biloxi--Gulfport--Pascagoula, MS MSA","Biloxi--Gulfport--Pascagoula, MS MSA","4622504599","2038890633","380","00",,,"0920","0920",363988
"Binghamton, NY MSA","Binghamton, NY MSA","3174068956","33297056","380","00",,,"0960","0960",252320
"Birmingham, AL MSA","Birmingham, AL MSA","8253356549","131843704","380","00",,,"1000","1000",921106
"Bismarck, ND MSA","Bismarck, ND MSA","9218690353","139752575","380","00",,,"1010","1010",94719
"Bloomington, IN MSA","Bloomington, IN MSA","1021351780","43955450","380","00",,,"1020","1020",120563
"Bloomington--Normal, IL MSA","Bloomington--Normal, IL MSA","3065321876","7143544","380","00",,,"1040","1040",150433
"Boise City, ID MSA","Boise City, ID MSA","4259777196","49541719","380","00",,,"1080","1080",432345
"Boston--Worcester--Lawrence, MA--NH--ME--CT CMSA","Boston--Worcester--Lawrence, MA--NH--ME--CT CMSA","14574171664","1464357800","380","00",,,"1122","1122",5819100
"Brownsville--Harlingen--San Benito, TX MSA","Brownsville--Harlingen--San Benito, TX MSA","2345898976","959791354","380","00",,,"1240","1240",335227
"Bryan--College Station, TX MSA","Bryan--College Station, TX MSA","1517162791","11689911","380","00",,,"1260","1260",152415
"Buffalo--Niagara Falls, NY MSA","Buffalo--Niagara Falls, NY MSA","4058920156","2070871051","380","00",,,"1280","1280",1170111
"Burlington, VT MSA","Burlington, VT MSA","1455701325","449287682","380","00",,,"1305","1305",169391
"Canton--Massillon, OH MSA","Canton--Massillon, OH MSA","2514384501","23588410","380","00",,,"1320","1320",406934
"Casper, WY MSA","Casper, WY MSA","13830230221","92810174","380","00",,,"1350","1350",66533
"Cedar Rapids, IA MSA","Cedar Rapids, IA MSA","1858167132","18398683","380","00",,,"1360","1360",191701
"Champaign--Urbana, IL MSA","Champaign--Urbana, IL MSA","2581715418","1881148","380","00",,,"1400","1400",179669
"Charleston--North Charleston, SC MSA","Charleston--North Charleston, SC MSA","6710539555","1481254765","380","00",,,"1440","1440",549033
"Charleston, WV MSA","Charleston, WV MSA","3235751214","31239171","380","00",,,"1480","1480",251662
"Charlotte--Gastonia--Rock Hill, NC--SC MSA","Charlotte--Gastonia--Rock Hill, NC--SC MSA","8745884482","166112689","380","00",,,"1520","1520",1499293
"Charlottesville, VA MSA","Charlottesville, VA MSA","3047946699","17602681","380","00",,,"1540","1540",159576
"Chattanooga, TN--GA MSA","Chattanooga, TN--GA MSA","4723054571","125127731","380","00",,,"1560","1560",465161
"Cheyenne, WY MSA","Cheyenne, WY MSA","6956841280","4080587","380","00",,,"1580","1580",81607
"Chicago--Gary--Kenosha, IL--IN--WI CMSA","Chicago--Gary--Kenosha, IL--IN--WI CMSA","17940956918","6135339677","380","00",,,"1602","1602",9157540
"Chico--Paradise, CA MSA","Chico--Paradise, CA MSA","4246255361","97428420","380","00",,,"1620","1620",203171
"Cincinnati--Hamilton, OH--KY--IN CMSA","Cincinnati--Hamilton, OH--KY--IN CMSA","9865260821","146697929","380","00",,,"1642","1642",1979202
"Clarksville--Hopkinsville, TN--KY MSA","Clarksville--Hopkinsville, TN--KY MSA","3264919027","18803008","380","00",,,"1660","1660",207033
"Cleveland--Akron, OH CMSA","Cleveland--Akron, OH CMSA","9354926207","6895907032","380","00",,,"1692","1692",2945831
"Colorado Springs, CO MSA","Colorado Springs, CO MSA","5507477052","8058755","380","00",,,"1720","1720",516929
"Columbia, MO MSA","Columbia, MO MSA","1775255762","15231715","380","00",,,"1740","1740",135454
"Columbia, SC MSA","Columbia, SC MSA","3770159751","191481415","380","00",,,"1760","1760",536691
"Columbus, GA--AL MSA","Columbus, GA--AL MSA","4066377435","58120072","380","00",,,"1800","1800",274624
"Columbus, OH MSA","Columbus, OH MSA","8135781481","72522188","380","00",,,"1840","1840",1540157
"Corpus Christi, TX MSA","Corpus Christi, TX MSA","3956123839","896168961","380","00",,,"1880","1880",380783
"Corvallis, OR MSA","Corvallis, OR MSA","1752026651","6499374","380","00",,,"1890","1890",78153
"Cumberland, MD--WV MSA","Cumberland, MD--WV MSA","1950656049","15011357","380","00",,,"1900","1900",102008
"Dallas--Fort Worth, TX CMSA","Dallas--Fort Worth, TX CMSA","23578693942","946683480","380","00",,,"1922","1922",5221801
"Danville, VA MSA","Danville, VA MSA","2625784063","21475953","380","00",,,"1950","1950",110156
"Davenport--Moline--Rock Island, IA--IL MSA","Davenport--Moline--Rock Island, IA--IL MSA","4423434914","95907175","380","00",,,"1960","1960",359062
"Dayton--Springfield, OH MSA","Dayton--Springfield, OH MSA","4360125017","25600315","380","00",,,"2000","2000",950558
"Daytona Beach, FL MSA","Daytona Beach, FL MSA","4113537281","1074721963","380","00",,,"2020","2020",493175
"Decatur, AL MSA","Decatur, AL MSA","3303777998","107560576","380","00",,,"2030","2030",145867
"Decatur, IL MSA","Decatur, IL MSA","1503546813","12575217","380","00",,,"2040","2040",114706
"Denver--Boulder--Greeley, CO CMSA","Denver--Boulder--Greeley, CO CMSA","22003341368","145763560","380","00",,,"2082","2082",2581506
"Des Moines, IA MSA","Des Moines, IA MSA","4474089018","76095703","380","00",,,"2120","2120",456022
"Detroit--Ann Arbor--Flint, MI CMSA","Detroit--Ann Arbor--Flint, MI CMSA","17003934530","1251177151","380","00",,,"2162","2162",5456428
"Dothan, AL MSA","Dothan, AL MSA","2956299087","7498167","380","00",,,"2180","2180",137916
"Dover, DE MSA","Dover, DE MSA","1527371028","544921325","380","00",,,"2190","2190",126697
"Dubuque, IA MSA","Dubuque, IA MSA","1575117834","21773164","380","00",,,"2200","2200",89143
"Duluth--Superior, MN--WI MSA","Duluth--Superior, MN--WI MSA","19513741378","2086310909","380","00",,,"2240","2240",243815
"Eau Claire, WI MSA","Eau Claire, WI MSA","4268480984","99796593","380","00",,,"2290","2290",148337
"El Paso, TX MSA","El Paso, TX MSA","2623932741","4064344","380","00",,,"2320","2320",679622
"Elkhart--Goshen, IN MSA","Elkhart--Goshen, IN MSA","1201271553","10448707","380","00",,,"2330","2330",182791
"Elmira, NY MSA","Elmira, NY MSA","1057155027","6777388","380","00",,,"2335","2335",91070
"Enid, OK MSA","Enid, OK MSA","2741220791","4019989","380","00",,,"2340","2340",57813
"Erie, PA MSA","Erie, PA MSA","2077035205","1959210570","380","00",,,"2360","2360",280843
"Eugene--Springfield, OR MSA","Eugene--Springfield, OR MSA","11794816359","434567957","380","00",,,"2400","2400",322959
"Evansville--Henderson, IN--KY MSA","Evansville--Henderson, IN--KY MSA","3800215461","119160529","380","00",,,"2440","2440",296195
"Fargo--Moorhead, ND--MN MSA","Fargo--Moorhead, ND--MN MSA","7279089829","26346500","380","00",,,"2520","2520",174367
"Fayetteville, NC MSA","Fayetteville, NC MSA","1690527787","14867046","380","00",,,"2560","2560",302963
"Fayetteville--Springdale--Rogers, AR MSA","Fayetteville--Springdale--Rogers, AR MSA","4650870379","104997498","380","00",,,"2580","2580",311121
"Flagstaff, AZ--UT MSA","Flagstaff, AZ--UT MSA","58558032695","415047082","380","00",,,"2620","2620",122366
"Florence, AL MSA","Florence, AL MSA","3273727257","203050620","380","00",,,"2650","2650",142950
"Florence, SC MSA","Florence, SC MSA","2071580958","10094839","380","00",,,"2655","2655",125761
"Fort Collins--Loveland, CO MSA","Fort Collins--Loveland, CO MSA","6737337334","84321662","380","00",,,"2670","2670",251494
"Fort Myers--Cape Coral, FL MSA","Fort Myers--Cape Coral, FL MSA","2081393117","1057384871","380","00",,,"2700","2700",440888
"Fort Pierce--Port St. Lucie, FL MSA","Fort Pierce--Port St. Lucie, FL MSA","2921663719","810171042","380","00",,,"2710","2710",319426
"Fort Smith, AR--OK MSA","Fort Smith, AR--OK MSA","4676098528","154517084","380","00",,,"2720","2720",207290
"Fort Walton Beach, FL MSA","Fort Walton Beach, FL MSA","2423260572","379107044","380","00",,,"2750","2750",170498
"Fort Wayne, IN MSA","Fort Wayne, IN MSA","6339148973","32554205","380","00",,,"2760","2760",502141
"Fresno, CA MSA","Fresno, CA MSA","20975242782","186883492","380","00",,,"2840","2840",922516
"Gadsden, AL MSA","Gadsden, AL MSA","1385183532","36080591","380","00",,,"2880","2880",103459
"Gainesville, FL MSA","Gainesville, FL MSA","2264284694","245733880","380","00",,,"2900","2900",217955
"Glens Falls, NY MSA","Glens Falls, NY MSA","4415228934","188476585","380","00",,,"2975","2975",124345
"Goldsboro, NC MSA","Goldsboro, NC MSA","1431147704","10670131","380","00",,,"2980","2980",113329
"Grand Forks, ND--MN MSA","Grand Forks, ND--MN MSA","8827139181","76303940","380","00",,,"2985","2985",97478
"Grand Junction, CO MSA","Grand Junction, CO MSA","8618821990","34604691","380","00",,,"2995","2995",116255
"Grand Rapids--Muskegon--Holland, MI MSA","Grand Rapids--Muskegon--Holland, MI MSA","7144249175","7869252554","380","00",,,"3000","3000",1088514
"Great Falls, MT MSA","Great Falls, MT MSA","6987537964","35607133","380","00",,,"3040","3040",80357
"Green Bay, WI MSA","Green Bay, WI MSA","1369262916","224680408","380","00",,,"3080","3080",226778
"Greensboro--Winston-Salem--High Point, NC MSA","Greensboro--Winston-Salem--High Point, NC MSA","10051987067","106861385","380","00",,,"3120","3120",1251509
"Greenville, NC MSA","Greenville, NC MSA","1687575713","8266188","380","00",,,"3150","3150",133798
"Greenville--Spartanburg--Anderson, SC MSA","Greenville--Spartanburg--Anderson, SC MSA","8310255416","186696791","380","00",,,"3160","3160",962441
"Harrisburg--Lebanon--Carlisle, PA MSA","Harrisburg--Lebanon--Carlisle, PA MSA","5156224425","93789841","380","00",,,"3240","3240",629401
"Hartford, CT MSA","Hartford, CT MSA","4343905970","101556875","380","00",,,"3280","3280",1183110
"Hattiesburg, MS MSA","Hattiesburg, MS MSA","2495826239","18165969","380","00",,,"3285","3285",111674
"Hickory--Morganton--Lenoir, NC MSA","Hickory--Morganton--Lenoir, NC MSA","4243632694","70850466","380","00",,,"3290","3290",341851
"Honolulu, HI MSA","Honolulu, HI MSA","1553387626","3955125860","380","00",,,"3320","3320",876156
"Houma, LA MSA","Houma, LA MSA","6059561368","3140298543","380","00",,,"3350","3350",194477
"Houston--Galveston--Brazoria, TX CMSA","Houston--Galveston--Brazoria, TX CMSA","19955821591","2778127770","380","00",,,"3362","3362",4669571
"Huntington--Ashland, WV--KY--OH MSA","Huntington--Ashland, WV--KY--OH MSA","5592345884","69279923","380","00",,,"3400","3400",315538
"Huntsville, AL MSA","Huntsville, AL MSA","3555980626","121623095","380","00",,,"3440","3440",342376
"Indianapolis, IN MSA","Indianapolis, IN MSA","9124508777","48234224","380","00",,,"3480","3480",1607486
"Iowa City, IA MSA","Iowa City, IA MSA","1591493741","22974641","380","00",,,"3500","3500",111006
"Jackson, MI MSA","Jackson, MI MSA","1830079005","44462965","380","00",,,"3520","3520",158422
"Jackson, MS MSA","Jackson, MS MSA","6114473538","167289093","380","00",,,"3560","3560",440801
"Jackson, TN MSA","Jackson, TN MSA","2189882226","4805743","380","00",,,"3580","3580",107377
"Jacksonville, FL MSA","Jacksonville, FL MSA","6825489367","1227340762","380","00",,,"3600","3600",1100491
"Jacksonville, NC MSA","Jacksonville, NC MSA","1986049524","367097555","380","00",,,"3605","3605",150355
"Jamestown, NY MSA","Jamestown, NY MSA","2750690434","1134334835","380","00",,,"3610","3610",139750
"Janesville--Beloit, WI MSA","Janesville--Beloit, WI MSA","1866004683","14835453","380","00",,,"3620","3620",152307
"Johnson City--Kingsport--Bristol, TN--VA MSA","Johnson City--Kingsport--Bristol, TN--VA MSA","7421633519","117816403","380","00",,,"3660","3660",480091
"Johnstown, PA MSA","Johnstown, PA MSA","4565324228","30864587","380","00",,,"3680","3680",232621
"Jonesboro, AR MSA","Jonesboro, AR MSA","1841065959","5533069","380","00",,,"3700","3700",82148
"Joplin, MO MSA","Joplin, MO MSA","3279312346","4745201","380","00",,,"3710","3710",157322
"Kalamazoo--Battle Creek, MI MSA","Kalamazoo--Battle Creek, MI MSA","4872908527","1314082198","380","00",,,"3720","3720",452851
"Kansas City, MO--KS MSA","Kansas City, MO--KS MSA","14002023909","205082121","380","00",,,"3760","3760",1776062
"Killeen--Temple, TX MSA","Killeen--Temple, TX MSA","5468716854","85929587","380","00",,,"3810","3810",312952
"Knoxville, TN MSA","Knoxville, TN MSA","6343566314","207611941","380","00",,,"3840","3840",687249
"Kokomo, IN MSA","Kokomo, IN MSA","1433434131","2289397","380","00",,,"3850","3850",101541
"La Crosse, WI--MN MSA","La Crosse, WI--MN MSA","2618857255","97577351","380","00",,,"3870","3870",126838
"Lafayette, LA MSA","Lafayette, LA MSA","6717445884","231983543","380","00",,,"3880","3880",385647
"Lafayette, IN MSA","Lafayette, IN MSA","2343647486","8962176","380","00",,,"3920","3920",182821
"Lake Charles, LA MSA","Lake Charles, LA MSA","2774180172","60137061","380","00",,,"3960","3960",183577
"Lakeland--Winter Haven, FL MSA","Lakeland--Winter Haven, FL MSA","4854625486","351212963","380","00",,,"3980","3980",483924
"Lancaster, PA MSA","Lancaster, PA MSA","2458056156","89989384","380","00",,,"4000","4000",470658
"Lansing--East Lansing, MI MSA","Lansing--East Lansing, MI MSA","4421254717","19370273","380","00",,,"4040","4040",447728
"Laredo, TX MSA","Laredo, TX MSA","8694158147","48417791","380","00",,,"4080","4080",193117
"Las Cruces, NM MSA","Las Cruces, NM MSA","9860559833","19259154","380","00",,,"4100","4100",174682
"Las Vegas, NV--AZ MSA","Las Vegas, NV--AZ MSA","101964301648","907681681","380","00",,,"4120","4120",1563282
"Lawrence, KS MSA","Lawrence, KS MSA","1183288922","45585042","380","00",,,"4150","4150",99962
"Lawton, OK MSA","Lawton, OK MSA","2769591210","37494739","380","00",,,"4200","4200",114996
"Lewiston--Auburn, ME MSA","Lewiston--Auburn, ME MSA","789001492","53576487","380","00",,,"4240","4240",90830
"Lexington, KY MSA","Lexington, KY MSA","4971406595","19947622","380","00",,,"4280","4280",479198
"Lima, OH MSA","Lima, OH MSA","2086698718","7568851","380","00",,,"4320","4320",155084
"Lincoln, NE MSA","Lincoln, NE MSA","2172691291","20275749","380","00",,,"4360","4360",250291
"Little Rock--North Little Rock, AR MSA","Little Rock--North Little Rock, AR MSA","7530704626","251550964","380","00",,,"4400","4400",583845
"Longview--Marshall, TX MSA","Longview--Marshall, TX MSA","4559361509","61508715","380","00",,,"4420","4420",208780
"Los Angeles--Riverside--Orange County, CA CMSA","Los Angeles--Riverside--Orange County, CA CMSA","87944180276","3526275302","380","00",,,"4472","4472",16373645
"Louisville, KY--IN MSA","Louisville, KY--IN MSA","5366440617","71075709","380","00",,,"4520","4520",1025598
"Lubbock, TX MSA","Lubbock, TX MSA","2329677242","3115562","380","00",,,"4600","4600",242628
"Lynchburg, VA MSA","Lynchburg, VA MSA","4637211627","55722938","380","00",,,"4640","4640",214911
"Macon, GA MSA","Macon, GA MSA","3967360413","33522590","380","00",,,"4680","4680",322549
"Madison, WI MSA","Madison, WI MSA","3112893194","94332123","380","00",,,"4720","4720",426526
"Mansfield, OH MSA","Mansfield, OH MSA","2328374012","10794485","380","00",,,"4800","4800",175818
"Mayagüez, PR MSA","Mayagüez, PR MSA","748451996","800663105","380","00",,,"4840","4840",253347
"McAllen--Edinburg--Mission, TX MSA","McAllen--Edinburg--Mission, TX MSA","4065624249","33456472","380","00",,,"4880","4880",569463
"Medford--Ashland, OR MSA","Medford--Ashland, OR MSA","7213617232","42924739","380","00",,,"4890","4890",181269
"Melbourne--Titusville--Palm Bay, FL MSA","Melbourne--Titusville--Palm Bay, FL MSA","2637097850","1395383121","380","00",,,"4900","4900",476230
"Memphis, TN--AR--MS MSA","Memphis, TN--AR--MS MSA","7786612678","237269943","380","00",,,"4920","4920",1135614
"Merced, CA MSA","Merced, CA MSA","4995295707","111833232","380","00",,,"4940","4940",210554
"Miami--Fort Lauderdale, FL CMSA","Miami--Fort Lauderdale, FL CMSA","8162242950","1552518431","380","00",,,"4992","4992",3876380
"Milwaukee--Racine, WI CMSA","Milwaukee--Racine, WI CMSA","4643831524","6011830965","380","00",,,"5082","5082",1689572
"Minneapolis--St. Paul, MN--WI MSA","Minneapolis--St. Paul, MN--WI MSA","15703276560","779721204","380","00",,,"5120","5120",2968806
"Missoula, MT MSA","Missoula, MT MSA","6728702048","52766899","380","00",,,"5140","5140",95802
"Mobile, AL MSA","Mobile, AL MSA","7328209405","2179511815","380","00",,,"5160","5160",540258
"Modesto, CA MSA","Modesto, CA MSA","3868899889","54072211","380","00",,,"5170","5170",446997
"Monroe, LA MSA","Monroe, LA MSA","1581261555","57424910","380","00",,,"5200","5200",147250
"Montgomery, AL MSA","Montgomery, AL MSA","5198071905","140966656","380","00",,,"5240","5240",333055
"Muncie, IN MSA","Muncie, IN MSA","1018621049","6819770","380","00",,,"5280","5280",118769
"Myrtle Beach, SC MSA","Myrtle Beach, SC MSA","2936222646","314111945","380","00",,,"5330","5330",196629
"Naples, FL MSA","Naples, FL MSA","5245610020","724123671","380","00",,,"5345","5345",251377
"Nashville, TN MSA","Nashville, TN MSA","10548325361","161491736","380","00",,,"5360","5360",1231311
"New London--Norwich, CT--RI MSA","New London--Norwich, CT--RI MSA","1715197262","311274793","380","00",,,"5520","5520",293566
"New Orleans, LA MSA","New Orleans, LA MSA","8804646460","10244157697","380","00",,,"5560","5560",1337726
"New York--Northern New Jersey--Long Island, NY--NJ--CT--PA CMSA","New York--Northern New Jersey--Long Island, NY--NJ--CT--PA CMSA","27065013700","6910276447","380","00",,,"5602","5602",21199865
"Norfolk--Virginia Beach--Newport News, VA--NC MSA","Norfolk--Virginia Beach--Newport News, VA--NC MSA","6082551532","3205658429","380","00",,,"5720","5720",1569541
"Ocala, FL MSA","Ocala, FL MSA","4089224040","217955919","380","00",,,"5790","5790",258916
"Odessa--Midland, TX MSA","Odessa--Midland, TX MSA","4665362644","6060688","380","00",,,"5800","5800",237132
"Oklahoma City, OK MSA","Oklahoma City, OK MSA","10999001413","148648305","380","00",,,"5880","5880",1083346
"Omaha, NE--IA MSA","Omaha, NE--IA MSA","6411335163","81212682","380","00",,,"5920","5920",716998
"Orlando, FL MSA","Orlando, FL MSA","9040887380","1349661175","380","00",,,"5960","5960",1644561
"Owensboro, KY MSA","Owensboro, KY MSA","1197581574","35960165","380","00",,,"5990","5990",91545
"Panama City, FL MSA","Panama City, FL MSA","1977917239","698252537","380","00",,,"6015","6015",148217
"Parkersburg--Marietta, WV--OH MSA","Parkersburg--Marietta, WV--OH MSA","2596303205","37940026","380","00",,,"6020","6020",151237
"Pensacola, FL MSA","Pensacola, FL MSA","4349313488","957928110","380","00",,,"6080","6080",412153
"Peoria--Pekin, IL MSA","Peoria--Pekin, IL MSA","4652480597","91141157","380","00",,,"6120","6120",347387
"Philadelphia--Wilmington--Atlantic City, PA--NJ--DE--MD CMSA","Philadelphia--Wilmington--Atlantic City, PA--NJ--DE--MD CMSA","15372073458","2340730375","380","00",,,"6162","6162",6188463
"Phoenix--Mesa, AZ MSA","Phoenix--Mesa, AZ MSA","37743201887","66375900","380","00",,,"6200","6200",3251876
"Pine Bluff, AR MSA","Pine Bluff, AR MSA","2291661025","74801688","380","00",,,"6240","6240",84278
"Pittsburgh, PA MSA","Pittsburgh, PA MSA","11980325552","137424906","380","00",,,"6280","6280",2358695
"Pittsfield, MA MSA","Pittsfield, MA MSA","652175419","14873739","380","00",,,"6320","6320",84699
"Pocatello, ID MSA","Pocatello, ID MSA","2883429627","88465277","380","00",,,"6340","6340",75565
"Ponce, PR MSA","Ponce, PR MSA","946173171","448656337","380","00",,,"6360","6360",361094
"Portland, ME MSA","Portland, ME MSA","1621999982","509277196","380","00",,,"6400","6400",243537
"Portland--Salem, OR--WA CMSA","Portland--Salem, OR--WA CMSA","18007253805","309742156","380","00",,,"6442","6442",2265223
"Providence--Fall River--Warwick, RI--MA MSA","Providence--Fall River--Warwick, RI--MA MSA","2955715040","556773636","380","00",,,"6480","6480",1188613
"Provo--Orem, UT MSA","Provo--Orem, UT MSA","5175657032","369442863","380","00",,,"6520","6520",368536
"Pueblo, CO MSA","Pueblo, CO MSA","6186671073","23414372","380","00",,,"6560","6560",141472
"Punta Gorda, FL MSA","Punta Gorda, FL MSA","1796425560","428681612","380","00",,,"6580","6580",141627
"Raleigh--Durham--Chapel Hill, NC MSA","Raleigh--Durham--Chapel Hill, NC MSA","9035974395","173217008","380","00",,,"6640","6640",1187941
"Rapid City, SD MSA","Rapid City, SD MSA","7190183937","21134320","380","00",,,"6660","6660",88565
"Reading, PA MSA","Reading, PA MSA","2224489314","17575375","380","00",,,"6680","6680",373638
"Redding, CA MSA","Redding, CA MSA","9803608907","161203391","380","00",,,"6690","6690",163256
"Reno, NV MSA","Reno, NV MSA","16426407878","541430135","380","00",,,"6720","6720",339486
"Richland--Kennewick--Pasco, WA MSA","Richland--Kennewick--Pasco, WA MSA","7628792137","207146409","380","00",,,"6740","6740",191822
"Richmond--Petersburg, VA MSA","Richmond--Petersburg, VA MSA","7626136238","218741564","380","00",,,"6760","6760",996512
"Roanoke, VA MSA","Roanoke, VA MSA","2204068409","9023031","380","00",,,"6800","6800",235932
"Rochester, MN MSA","Rochester, MN MSA","1691289144","3864463","380","00",,,"6820","6820",124277
"Rochester, NY MSA","Rochester, NY MSA","8872061362","5024319311","380","00",,,"6840","6840",1098201
"Rockford, IL MSA","Rockford, IL MSA","4024414586","27578121","380","00",,,"6880","6880",371236
"Rocky Mount, NC MSA","Rocky Mount, NC MSA","2707300387","10303105","380","00",,,"6895","6895",143026
"Sacramento--Yolo, CA CMSA","Sacramento--Yolo, CA CMSA","13193744568","557138762","380","00",,,"6922","6922",1796857
"Saginaw--Bay City--Midland, MI MSA","Saginaw--Bay City--Midland, MI MSA","4595600329","518528442","380","00",,,"6960","6960",403070
"St. Cloud, MN MSA","St. Cloud, MN MSA","4539713538","129840137","380","00",,,"6980","6980",167392
"St. Joseph, MO MSA","St. Joseph, MO MSA","2188315920","15945655","380","00",,,"7000","7000",102490
"St. Louis, MO--IL MSA","St. Louis, MO--IL MSA","16555383195","402813874","380","00",,,"7040","7040",2603607
"Salinas, CA MSA","Salinas, CA MSA","8603818751","1163213553","380","00",,,"7120","7120",401762
"Salt Lake City--Ogden, UT MSA","Salt Lake City--Ogden, UT MSA","4189033159","1252390127","380","00",,,"7160","7160",1333914
"San Angelo, TX MSA","San Angelo, TX MSA","3942213774","47758522","380","00",,,"7200","7200",104010
"San Antonio, TX MSA","San Antonio, TX MSA","8615328402","71482634","380","00",,,"7240","7240",1592383
"San Diego, CA MSA","San Diego, CA MSA","10877666909","843363020","380","00",,,"7320","7320",2813833
"San Francisco--Oakland--San Jose, CA CMSA","San Francisco--Oakland--San Jose, CA CMSA","19082547681","3706106536","380","00",,,"7362","7362",7039362
"San Juan--Caguas--Arecibo, PR CMSA","San Juan--Caguas--Arecibo, PR CMSA","3719181445","1612285538","380","00",,,"7442","7442",2450292
"San Luis Obispo--Atascadero--Paso Robles, CA MSA","San Luis Obispo--Atascadero--Paso Robles, CA MSA","8558152840","806063654","380","00",,,"7460","7460",246681
"Santa Barbara--Santa Maria--Lompoc, CA MSA","Santa Barbara--Santa Maria--Lompoc, CA MSA","7088826764","2724845772","380","00",,,"7480","7480",399347
"Santa Fe, NM MSA","Santa Fe, NM MSA","5227982179","4137562","380","00",,,"7490","7490",147635
"Sarasota--Bradenton, FL MSA","Sarasota--Bradenton, FL MSA","3399560928","790857372","380","00",,,"7510","7510",589959
"Savannah, GA MSA","Savannah, GA MSA","3520412684","544811793","380","00",,,"7520","7520",293000
"Scranton--Wilkes-Barre--Hazleton, PA MSA","Scranton--Wilkes-Barre--Hazleton, PA MSA","5781338673","88127402","380","00",,,"7560","7560",624776
"Seattle--Tacoma--Bremerton, WA CMSA","Seattle--Tacoma--Bremerton, WA CMSA","18713825583","2437150799","380","00",,,"7602","7602",3554760
"Sharon, PA MSA","Sharon, PA MSA","1739995300","27861703","380","00",,,"7610","7610",120293
"Sheboygan, WI MSA","Sheboygan, WI MSA","1330296514","1961500967","380","00",,,"7620","7620",112646
"Sherman--Denison, TX MSA","Sherman--Denison, TX MSA","2417785952","118311716","380","00",,,"7640","7640",110595
"Shreveport--Bossier City, LA MSA","Shreveport--Bossier City, LA MSA","5999623016","265319132","380","00",,,"7680","7680",392302
"Sioux City, IA--NE MSA","Sioux City, IA--NE MSA","2943238955","21721391","380","00",,,"7720","7720",124130
"Sioux Falls, SD MSA","Sioux Falls, SD MSA","3594284202","11694954","380","00",,,"7760","7760",172412
"South Bend, IN MSA","South Bend, IN MSA","1184506795","9404250","380","00",,,"7800","7800",265559
"Spokane, WA MSA","Spokane, WA MSA","4567796041","44250985","380","00",,,"7840","7840",417939
"Springfield, IL MSA","Springfield, IL MSA","3062478225","25771570","380","00",,,"7880","7880",201437
"Springfield, MO MSA","Springfield, MO MSA","4743432994","10572047","380","00",,,"7920","7920",325721
"Springfield, MA MSA","Springfield, MA MSA","1905272079","63714814","380","00",,,"8000","8000",591932
"State College, PA MSA","State College, PA MSA","2868497568","11182795","380","00",,,"8050","8050",135758
"Steubenville--Weirton, OH--WV MSA","Steubenville--Weirton, OH--WV MSA","1505501106","26442231","380","00",,,"8080","8080",132008
"Stockton--Lodi, CA MSA","Stockton--Lodi, CA MSA","3624124428","69844755","380","00",,,"8120","8120",563598
"Sumter, SC MSA","Sumter, SC MSA","1723398538","43062241","380","00",,,"8140","8140",104646
"Syracuse, NY MSA","Syracuse, NY MSA","7983990752","1451482926","380","00",,,"8160","8160",732117
"Tallahassee, FL MSA","Tallahassee, FL MSA","3063624434","122757229","380","00",,,"8240","8240",284539
"Tampa--St. Petersburg--Clearwater, FL MSA","Tampa--St. Petersburg--Clearwater, FL MSA","6614783275","2012279616","380","00",,,"8280","8280",2395997
"Terre Haute, IN MSA","Terre Haute, IN MSA","2636089740","33659763","380","00",,,"8320","8320",149192
"Texarkana, TX--Texarkana, AR MSA","Texarkana, TX--Texarkana, AR MSA","3915665664","125366823","380","00",,,"8360","8360",129749
"Toledo, OH MSA","Toledo, OH MSA","3534213818","671272388","380","00",,,"8400","8400",618203
"Topeka, KS MSA","Topeka, KS MSA","1424015086","16835524","380","00",,,"8440","8440",169871
"Tucson, AZ MSA","Tucson, AZ MSA","23792316898","6644112","380","00",,,"8520","8520",843746
"Tulsa, OK MSA","Tulsa, OK MSA","12987483341","384634183","380","00",,,"8560","8560",803235
"Tuscaloosa, AL MSA","Tuscaloosa, AL MSA","3430104517","69553838","380","00",,,"8600","8600",164875
"Tyler, TX MSA","Tyler, TX MSA","2404501444","54556496","380","00",,,"8640","8640",174706
"Utica--Rome, NY MSA","Utica--Rome, NY MSA","6796006011","237018960","380","00",,,"8680","8680",299896
"Victoria, TX MSA","Victoria, TX MSA","2285676788","16124140","380","00",,,"8750","8750",84088
"Visalia--Tulare--Porterville, CA MSA","Visalia--Tulare--Porterville, CA MSA","12494018673","39164606","380","00",,,"8780","8780",368021
"Waco, TX MSA","Waco, TX MSA","2698463849","47509238","380","00",,,"8800","8800",213517
"Washington--Baltimore, DC--MD--VA--WV CMSA","Washington--Baltimore, DC--MD--VA--WV CMSA","24802901901","2370308089","380","00",,,"8872","8872",7608070
"Waterloo--Cedar Falls, IA MSA","Waterloo--Cedar Falls, IA MSA","1468819419","12421488","380","00",,,"8920","8920",128012
"Wausau, WI MSA","Wausau, WI MSA","4001432497","80754105","380","00",,,"8940","8940",125834
"West Palm Beach--Boca Raton, FL MSA","West Palm Beach--Boca Raton, FL MSA","5112913099","1067653854","380","00",,,"8960","8960",1131184
"Wheeling, WV--OH MSA","Wheeling, WV--OH MSA","2461837688","30840860","380","00",,,"9000","9000",153172
"Wichita, KS MSA","Wichita, KS MSA","7683352455","77126796","380","00",,,"9040","9040",545220
"Wichita Falls, TX MSA","Wichita Falls, TX MSA","3981748413","55513453","380","00",,,"9080","9080",140518
"Williamsport, PA MSA","Williamsport, PA MSA","3198255608","23088835","380","00",,,"9140","9140",120044
"Wilmington, NC MSA","Wilmington, NC MSA","2729142175","839670650","380","00",,,"9200","9200",233450
"Yakima, WA MSA","Yakima, WA MSA","11127183346","39827088","380","00",,,"9260","9260",222581
"York, PA MSA","York, PA MSA","2342526119","15021372","380","00",,,"9280","9280",381751
"Youngstown--Warren, OH MSA","Youngstown--Warren, OH MSA","4051210886","75378115","380","00",,,"9320","9320",594746
"Yuba City, CA MSA","Yuba City, CA MSA","3194069121","49411163","380","00",,,"9340","9340",139149
"Yuma, AZ MSA","Yuma, AZ MSA","14281424443","12613327","380","00",,,"9360","9360",160026
